{"cameraMode":{"drawMode":0,"name":"Shaded","section":"Shading Mode"},"sceneLighting":true,"audioPlay":false,"sceneViewState":{"m_AlwaysRefresh":false,"showFog":true,"showSkybox":true,"showFlares":true,"showImageEffects":true,"showParticleSystems":true,"showVisualEffectGraphs":true,"m_FxEnabled":true},"in2DMode":false,"pivot":{"x":-7.755185127258301,"y":13.614530563354493,"z":3.0837535858154299},"rotation":{"x":0.20120741426944734,"y":0.7975514531135559,"z":-0.3731479346752167,"w":0.4291759729385376},"size":1.2247449159622193,"orthographic":false}